{"chunk_definitions":[{"row":54,"row_count":1,"visible":true,"expansion_state":0,"options":{"engine":"r","label":"setup","include":false},"document_id":"2C032ED1","chunk_id":"csetup_chunk","chunk_label":"setup"},{"row":96,"row_count":1,"visible":true,"expansion_state":0,"options":{"engine":"r","label":"unnamed-chunk-116"},"document_id":"2C032ED1","chunk_id":"c10z4qa03pbvw","chunk_label":"unnamed-chunk-1"},{"row":121,"row_count":1,"visible":true,"expansion_state":0,"options":{"engine":"r","label":"unnamed-chunk-117"},"document_id":"2C032ED1","chunk_id":"cn0769c86olor","chunk_label":"unnamed-chunk-2"},{"row":149,"row_count":1,"visible":true,"expansion_state":0,"options":{"engine":"r","label":"unnamed-chunk-118"},"document_id":"2C032ED1","chunk_id":"c6vedvdeo5uog","chunk_label":"unnamed-chunk-3"},{"row":167,"row_count":1,"visible":true,"expansion_state":0,"options":{"engine":"r","label":"unnamed-chunk-119"},"document_id":"2C032ED1","chunk_id":"cqrj2gfe6gvb2","chunk_label":"unnamed-chunk-4"},{"row":177,"row_count":1,"visible":true,"expansion_state":0,"options":{"engine":"r","label":"unnamed-chunk-120"},"document_id":"2C032ED1","chunk_id":"cd86hf1h22262","chunk_label":"unnamed-chunk-5"},{"row":194,"row_count":1,"visible":true,"expansion_state":0,"options":{"engine":"r","label":"unnamed-chunk-121"},"document_id":"2C032ED1","chunk_id":"cb9z1x8w3vxpm","chunk_label":"unnamed-chunk-6"},{"row":214,"row_count":1,"visible":true,"expansion_state":0,"options":{"engine":"r","label":"unnamed-chunk-122"},"document_id":"2C032ED1","chunk_id":"c6d43q7omopn3","chunk_label":"unnamed-chunk-7"},{"row":225,"row_count":1,"visible":true,"expansion_state":0,"options":{"engine":"r","label":"unnamed-chunk-123"},"document_id":"2C032ED1","chunk_id":"crdt0b87ob19f","chunk_label":"unnamed-chunk-8"},{"row":231,"row_count":1,"visible":true,"expansion_state":0,"options":{"engine":"r","label":"unnamed-chunk-124"},"document_id":"2C032ED1","chunk_id":"c4ckxv900dh3e","chunk_label":"unnamed-chunk-9"},{"row":258,"row_count":1,"visible":true,"expansion_state":0,"options":{"engine":"r","label":"unnamed-chunk-125"},"document_id":"2C032ED1","chunk_id":"cpxrbbiwrpbrs","chunk_label":"unnamed-chunk-10"},{"row":272,"row_count":1,"visible":true,"expansion_state":0,"options":{"engine":"r","label":"unnamed-chunk-126"},"document_id":"2C032ED1","chunk_id":"cfo1bwgl1lyrg","chunk_label":"unnamed-chunk-11"},{"row":292,"row_count":1,"visible":true,"expansion_state":0,"options":{"engine":"r","echo":false,"out.width":"70%","fig.align":"center","fig.cap":"Genre des dirigeants de la PME","label":"unnamed-chunk-127"},"document_id":"2C032ED1","chunk_id":"c0s38abb07j9y","chunk_label":"unnamed-chunk-12"},{"row":304,"row_count":1,"visible":true,"expansion_state":0,"options":{"engine":"r","label":"unnamed-chunk-128"},"document_id":"2C032ED1","chunk_id":"crs179bbv9q7j","chunk_label":"unnamed-chunk-13"},{"row":315,"row_count":1,"visible":true,"expansion_state":0,"options":{"engine":"r","label":"unnamed-chunk-129"},"document_id":"2C032ED1","chunk_id":"czvzrb2ndtu5v","chunk_label":"unnamed-chunk-14"},{"row":322,"row_count":1,"visible":true,"expansion_state":0,"options":{"engine":"r","label":"unnamed-chunk-130"},"document_id":"2C032ED1","chunk_id":"c4saguhk9r8ui","chunk_label":"unnamed-chunk-15"},{"row":350,"row_count":1,"visible":true,"expansion_state":0,"options":{"engine":"r","echo":true,"out.width":"60%","fig.align":"center","fig.cap":"Statut jurique des PME","label":"unnamed-chunk-131"},"document_id":"2C032ED1","chunk_id":"cldyditlsozcp","chunk_label":"unnamed-chunk-16"},{"row":366,"row_count":1,"visible":true,"expansion_state":0,"options":{"engine":"r","echo":true,"out.width":"60%","fig.align":"center","fig.cap":"Propriétaire/locataire","label":"unnamed-chunk-132"},"document_id":"2C032ED1","chunk_id":"c99nawmceo3ax","chunk_label":"unnamed-chunk-17"},{"row":389,"row_count":1,"visible":true,"expansion_state":0,"options":{"engine":"r","label":"unnamed-chunk-133"},"document_id":"2C032ED1","chunk_id":"cahjshravl832","chunk_label":"unnamed-chunk-18"},{"row":408,"row_count":1,"visible":true,"expansion_state":0,"options":{"engine":"r","label":"unnamed-chunk-134"},"document_id":"2C032ED1","chunk_id":"ci8lhf6xikdp5","chunk_label":"unnamed-chunk-19"},{"row":421,"row_count":1,"visible":true,"expansion_state":0,"options":{"engine":"r","label":"unnamed-chunk-135"},"document_id":"2C032ED1","chunk_id":"cnt0iiw87lpy9","chunk_label":"unnamed-chunk-20"},{"row":436,"row_count":1,"visible":true,"expansion_state":0,"options":{"engine":"r","label":"unnamed-chunk-136"},"document_id":"2C032ED1","chunk_id":"c54op6wr020j6","chunk_label":"unnamed-chunk-21"},{"row":450,"row_count":1,"visible":true,"expansion_state":0,"options":{"engine":"r","echo":true,"out.width":"80%","fig.align":"center","fig.cap":"Age du dirigeant des PME","label":"unnamed-chunk-137"},"document_id":"2C032ED1","chunk_id":"c7kxr6tcysvw9","chunk_label":"unnamed-chunk-22"},{"row":456,"row_count":1,"visible":true,"expansion_state":0,"options":{"engine":"r","label":"unnamed-chunk-138"},"document_id":"2C032ED1","chunk_id":"c00mwbrcxy7ee","chunk_label":"unnamed-chunk-23"},{"row":466,"row_count":1,"visible":true,"expansion_state":0,"options":{"engine":"r","echo":true,"out.width":"80%","fig.align":"center","fig.cap":"Valeurs aberrantes","label":"unnamed-chunk-139"},"document_id":"2C032ED1","chunk_id":"cm7w7s4h3bwax","chunk_label":"unnamed-chunk-24"},{"row":480,"row_count":1,"visible":true,"expansion_state":0,"options":{"engine":"r","label":"unnamed-chunk-140"},"document_id":"2C032ED1","chunk_id":"cs0yj51w6xgvy","chunk_label":"unnamed-chunk-25"},{"row":487,"row_count":1,"visible":true,"expansion_state":0,"options":{"engine":"r","echo":true,"out.width":"80%","fig.align":"center","fig.cap":"Age du dirigeant des PME","label":"unnamed-chunk-141"},"document_id":"2C032ED1","chunk_id":"cjeghmk3g0ri6","chunk_label":"unnamed-chunk-26"},{"row":506,"row_count":1,"visible":true,"expansion_state":0,"options":{"engine":"r","echo":true,"out.width":"80%","fig.align":"center","fig.cap":"Age nombre de langues parlées et statut juridique","label":"unnamed-chunk-142"},"document_id":"2C032ED1","chunk_id":"c935ka5hru302","chunk_label":"unnamed-chunk-27"},{"row":522,"row_count":1,"visible":true,"expansion_state":0,"options":{"engine":"r","label":"unnamed-chunk-143"},"document_id":"2C032ED1","chunk_id":"cd97sjgcscpzg","chunk_label":"unnamed-chunk-28"},{"row":540,"row_count":1,"visible":true,"expansion_state":0,"options":{"engine":"r","label":"unnamed-chunk-144"},"document_id":"2C032ED1","chunk_id":"cpdrp1mfusjtr","chunk_label":"unnamed-chunk-29"},{"row":559,"row_count":1,"visible":true,"expansion_state":0,"options":{"engine":"r","label":"unnamed-chunk-145"},"document_id":"2C032ED1","chunk_id":"cj2lrr3o09tzq","chunk_label":"unnamed-chunk-30"},{"row":574,"row_count":1,"visible":true,"expansion_state":0,"options":{"engine":"r","label":"unnamed-chunk-146"},"document_id":"2C032ED1","chunk_id":"cjzwx8q3pmmp7","chunk_label":"unnamed-chunk-31"},{"row":588,"row_count":1,"visible":true,"expansion_state":0,"options":{"engine":"r","label":"unnamed-chunk-147"},"document_id":"2C032ED1","chunk_id":"c3joh5y5yvjlr","chunk_label":"unnamed-chunk-32"},{"row":602,"row_count":1,"visible":true,"expansion_state":0,"options":{"engine":"r","label":"unnamed-chunk-148"},"document_id":"2C032ED1","chunk_id":"cd5s3lklb8xgq","chunk_label":"unnamed-chunk-33"},{"row":615,"row_count":1,"visible":true,"expansion_state":0,"options":{"engine":"r","label":"unnamed-chunk-149"},"document_id":"2C032ED1","chunk_id":"c66ikvnv52abz","chunk_label":"unnamed-chunk-34"}],"doc_write_time":1712454836,"working_dir":null,"default_chunk_options":{"echo":true,"message":false,"warning":false},"chunk_rendered_width":700}