"0","attach(projet) "
"0",""
"0","ggplot(projet)+  # Nom de la base comme d'habitude"
"0","  "
"0","  #Sélection des variables, x et Y sont des variables "
"0","  # quantitatives"
"0","  "
"0","  aes(x=q24, y = parle, color= statut_juridique)+"
"0","  "
"0","  # Choix du type de graphique"
"0","  # & choix de couleur"
"0","  "
"0","  geom_point()+scale_color_manual(values=c(""Association""=""black"",""GIE""=""yellow"","
"0","""Informel""=""blue"",""SA""=""red"",""SARL""=""green"", ""SUARL""= ""turquoise""))"
