"0","# Dans la fonction ggplot, opn met le nom de la base dans laquelle"
"0","# se trouve(nt) la ou les variables à représenter."
"0",""
"0","# aes est une fonction à trois argumùents dont seule la première "
"0","# est obligatoire. Il s'agit du premier argument auquel on affecte"
"0","#le nom de la variable."
"0",""
"0","# Dans geom_on spécie le type de graphique à sortir. On peut même"
"0","# spécifier la couleur des objets du graphique."
"0",""
"0","# Ici, j'ai demandé à R de créer une sorte de gradient en "
"0","#fonction des modalité de la variable statut_jurique et qui #affecte à"
"0","#chaque modalité une couleur unique. En même temps, ces couleurs"
"0","#servent de legende pour le graphiquie"
