{"chunk_definitions":[{"row":29,"row_count":1,"visible":true,"expansion_state":0,"options":{"engine":"r","label":"setup","include":false,"warning":false,"message":false},"document_id":"22636770","chunk_id":"csetup_chunk","chunk_label":"setup"},{"row":63,"row_count":1,"visible":true,"expansion_state":0,"options":{"engine":"r","label":"unnamed-chunk-162"},"document_id":"22636770","chunk_id":"cdbwq7ogsqxas","chunk_label":"unnamed-chunk-1"},{"row":78,"row_count":1,"visible":true,"expansion_state":0,"options":{"engine":"r","label":"unnamed-chunk-163"},"document_id":"22636770","chunk_id":"cvag1petuwgih","chunk_label":"unnamed-chunk-2"},{"row":101,"row_count":1,"visible":true,"expansion_state":0,"options":{"engine":"r","label":"unnamed-chunk-164"},"document_id":"22636770","chunk_id":"cv62qugjtwa6h","chunk_label":"unnamed-chunk-3"},{"row":115,"row_count":1,"visible":true,"expansion_state":0,"options":{"engine":"r","label":"unnamed-chunk-165"},"document_id":"22636770","chunk_id":"cf5etpr1t0n6b","chunk_label":"unnamed-chunk-4"},{"row":120,"row_count":1,"visible":true,"expansion_state":0,"options":{"engine":"r","label":"unnamed-chunk-166"},"document_id":"22636770","chunk_id":"cdv9kgflbofyu","chunk_label":"unnamed-chunk-5"},{"row":124,"row_count":1,"visible":true,"expansion_state":0,"options":{"engine":"r","label":"unnamed-chunk-167"},"document_id":"22636770","chunk_id":"cskujhyyjhl1x","chunk_label":"unnamed-chunk-6"},{"row":132,"row_count":1,"visible":true,"expansion_state":0,"options":{"engine":"r","label":"unnamed-chunk-168"},"document_id":"22636770","chunk_id":"cwcbrdvn86tx7","chunk_label":"unnamed-chunk-7"},{"row":137,"row_count":1,"visible":true,"expansion_state":0,"options":{"engine":"r","label":"unnamed-chunk-169"},"document_id":"22636770","chunk_id":"cky1yybsobdc3","chunk_label":"unnamed-chunk-8"},{"row":142,"row_count":1,"visible":true,"expansion_state":0,"options":{"engine":"r","label":"unnamed-chunk-170"},"document_id":"22636770","chunk_id":"chxt56aq3ny7m","chunk_label":"unnamed-chunk-9"},{"row":157,"row_count":1,"visible":true,"expansion_state":0,"options":{"engine":"r","label":"unnamed-chunk-171"},"document_id":"22636770","chunk_id":"cv76ys4ka7rq8","chunk_label":"unnamed-chunk-10"},{"row":164,"row_count":1,"visible":true,"expansion_state":0,"options":{"engine":"r","label":"unnamed-chunk-172"},"document_id":"22636770","chunk_id":"c4ndwca5j7rna","chunk_label":"unnamed-chunk-11"},{"row":168,"row_count":1,"visible":true,"expansion_state":0,"options":{"engine":"r","label":"unnamed-chunk-213"},"document_id":"22636770","chunk_id":"cotfug885b9xj","chunk_label":"unnamed-chunk-12"},{"row":177,"row_count":1,"visible":true,"expansion_state":0,"options":{"engine":"r","label":"unnamed-chunk-173"},"document_id":"22636770","chunk_id":"ct9p48fp1y600","chunk_label":"unnamed-chunk-13"},{"row":185,"row_count":1,"visible":true,"expansion_state":0,"options":{"engine":"r","label":"unnamed-chunk-215"},"document_id":"22636770","chunk_id":"cflexgr7wvo5s","chunk_label":"unnamed-chunk-14"},{"row":192,"row_count":1,"visible":true,"expansion_state":0,"options":{"engine":"r","label":"unnamed-chunk-175"},"document_id":"22636770","chunk_id":"c8ndv1ixndyra","chunk_label":"unnamed-chunk-15"},{"row":199,"row_count":1,"visible":true,"expansion_state":0,"options":{"engine":"r","label":"unnamed-chunk-216"},"document_id":"22636770","chunk_id":"cd5vrbvlebjhe","chunk_label":"unnamed-chunk-16"},{"row":208,"row_count":1,"visible":true,"expansion_state":0,"options":{"engine":"r","label":"unnamed-chunk-177"},"document_id":"22636770","chunk_id":"cwsz4jdkto13r","chunk_label":"unnamed-chunk-17"},{"row":216,"row_count":1,"visible":true,"expansion_state":0,"options":{"engine":"r","label":"unnamed-chunk-178"},"document_id":"22636770","chunk_id":"cgz3mochlirjz","chunk_label":"unnamed-chunk-18"},{"row":227,"row_count":1,"visible":true,"expansion_state":0,"options":{"engine":"r","label":"unnamed-chunk-179"},"document_id":"22636770","chunk_id":"cq1j7lmqw4dk2","chunk_label":"unnamed-chunk-19"},{"row":240,"row_count":1,"visible":true,"expansion_state":0,"options":{"engine":"r","label":"unnamed-chunk-180"},"document_id":"22636770","chunk_id":"czz14hlrll9xj","chunk_label":"unnamed-chunk-20"},{"row":256,"row_count":1,"visible":true,"expansion_state":0,"options":{"engine":"r","label":"unnamed-chunk-181"},"document_id":"22636770","chunk_id":"cf9sxvoci2jsl","chunk_label":"unnamed-chunk-21"},{"row":275,"row_count":1,"visible":true,"expansion_state":0,"options":{"engine":"r","label":"unnamed-chunk-182"},"document_id":"22636770","chunk_id":"cq75npqfdw2ky","chunk_label":"unnamed-chunk-22"},{"row":286,"row_count":1,"visible":true,"expansion_state":0,"options":{"engine":"r","label":"unnamed-chunk-183"},"document_id":"22636770","chunk_id":"cv6w7k00oxarl","chunk_label":"unnamed-chunk-23"},{"row":326,"row_count":1,"visible":true,"expansion_state":0,"options":{"engine":"r","label":"unnamed-chunk-201"},"document_id":"22636770","chunk_id":"ccopxifma8i1h","chunk_label":"unnamed-chunk-25"},{"row":338,"row_count":1,"visible":true,"expansion_state":0,"options":{"engine":"r","label":"unnamed-chunk-206"},"document_id":"22636770","chunk_id":"cbgmvizphgwt4","chunk_label":"unnamed-chunk-26"}],"doc_write_time":1712201040,"working_dir":null,"default_chunk_options":{"echo":true,"fig.cap":true,"message":false,"warning":false},"chunk_rendered_width":400}