{"chunk_definitions":[{"row":49,"row_count":1,"visible":true,"expansion_state":0,"options":{"engine":"r","label":"setup","include":false},"document_id":"2C032ED1","chunk_id":"csetup_chunk","chunk_label":"setup"},{"row":91,"row_count":1,"visible":true,"expansion_state":0,"options":{"engine":"r","label":"unnamed-chunk-79"},"document_id":"2C032ED1","chunk_id":"cvylt4ezg5ala","chunk_label":"unnamed-chunk-1"},{"row":115,"row_count":1,"visible":true,"expansion_state":0,"options":{"engine":"r","label":"unnamed-chunk-80"},"document_id":"2C032ED1","chunk_id":"c16qyt5fbo1x7","chunk_label":"unnamed-chunk-2"},{"row":143,"row_count":1,"visible":true,"expansion_state":0,"options":{"engine":"r","label":"unnamed-chunk-81"},"document_id":"2C032ED1","chunk_id":"crpuoob1nqn65","chunk_label":"unnamed-chunk-3"},{"row":161,"row_count":1,"visible":true,"expansion_state":0,"options":{"engine":"r","label":"unnamed-chunk-82"},"document_id":"2C032ED1","chunk_id":"c6v76txlyhxgm","chunk_label":"unnamed-chunk-4"},{"row":169,"row_count":1,"visible":true,"expansion_state":0,"options":{"engine":"r","label":"unnamed-chunk-83"},"document_id":"2C032ED1","chunk_id":"clfndmc9s7now","chunk_label":"unnamed-chunk-5"},{"row":183,"row_count":1,"visible":true,"expansion_state":0,"options":{"engine":"r","label":"unnamed-chunk-84"},"document_id":"2C032ED1","chunk_id":"cni54uk9hi0i1","chunk_label":"unnamed-chunk-6"},{"row":203,"row_count":1,"visible":true,"expansion_state":0,"options":{"engine":"r","label":"unnamed-chunk-85"},"document_id":"2C032ED1","chunk_id":"c5po2aw6wf0fr","chunk_label":"unnamed-chunk-7"},{"row":214,"row_count":1,"visible":true,"expansion_state":0,"options":{"engine":"r","label":"unnamed-chunk-86"},"document_id":"2C032ED1","chunk_id":"ctstkgriujltn","chunk_label":"unnamed-chunk-8"},{"row":220,"row_count":1,"visible":true,"expansion_state":0,"options":{"engine":"r","label":"unnamed-chunk-87"},"document_id":"2C032ED1","chunk_id":"cugnyyga3u4zr","chunk_label":"unnamed-chunk-9"},{"row":247,"row_count":1,"visible":true,"expansion_state":0,"options":{"engine":"r","label":"unnamed-chunk-88"},"document_id":"2C032ED1","chunk_id":"ct7q2qb9373ge","chunk_label":"unnamed-chunk-10"},{"row":264,"row_count":1,"visible":true,"expansion_state":0,"options":{"engine":"r","label":"unnamed-chunk-89"},"document_id":"2C032ED1","chunk_id":"ccflrlsv3ne7v","chunk_label":"unnamed-chunk-11"},{"row":285,"row_count":1,"visible":true,"expansion_state":0,"options":{"engine":"r","echo":false,"out.width":"70%","fig.align":"center","fig.cap":"Genre des dirigeants de la PME","label":"unnamed-chunk-90"},"document_id":"2C032ED1","chunk_id":"ca29wh8r0t5mo","chunk_label":"unnamed-chunk-12"},{"row":298,"row_count":1,"visible":true,"expansion_state":0,"options":{"engine":"r","label":"unnamed-chunk-91"},"document_id":"2C032ED1","chunk_id":"ctnsy4i7jd7im","chunk_label":"unnamed-chunk-13"},{"row":311,"row_count":1,"visible":true,"expansion_state":0,"options":{"engine":"r","label":"unnamed-chunk-92"},"document_id":"2C032ED1","chunk_id":"cfnxpxofdm2cx","chunk_label":"unnamed-chunk-14"},{"row":319,"row_count":1,"visible":true,"expansion_state":0,"options":{"engine":"r","label":"unnamed-chunk-93"},"document_id":"2C032ED1","chunk_id":"cmyraqyzggqkk","chunk_label":"unnamed-chunk-15"},{"row":346,"row_count":1,"visible":true,"expansion_state":0,"options":{"engine":"r","echo":true,"out.width":"60%","fig.align":"center","fig.cap":"Statut jurique des PME","label":"unnamed-chunk-94"},"document_id":"2C032ED1","chunk_id":"chmftnidjjtry","chunk_label":"unnamed-chunk-16"},{"row":362,"row_count":1,"visible":true,"expansion_state":0,"options":{"engine":"r","echo":true,"out.width":"60%","fig.align":"center","fig.cap":"Propriétaire/locataire","label":"unnamed-chunk-95"},"document_id":"2C032ED1","chunk_id":"cbjgi6j98a4sh","chunk_label":"unnamed-chunk-17"},{"row":387,"row_count":1,"visible":true,"expansion_state":0,"options":{"engine":"r","label":"unnamed-chunk-96"},"document_id":"2C032ED1","chunk_id":"cqsogsdjvitr3","chunk_label":"unnamed-chunk-18"},{"row":409,"row_count":1,"visible":true,"expansion_state":0,"options":{"engine":"r","label":"unnamed-chunk-97"},"document_id":"2C032ED1","chunk_id":"chohcv1v8ikkv","chunk_label":"unnamed-chunk-19"},{"row":426,"row_count":1,"visible":true,"expansion_state":0,"options":{"engine":"r","label":"unnamed-chunk-98"},"document_id":"2C032ED1","chunk_id":"c867o42eyldk8","chunk_label":"unnamed-chunk-20"},{"row":436,"row_count":1,"visible":true,"expansion_state":0,"options":{"engine":"r","label":"unnamed-chunk-99"},"document_id":"2C032ED1","chunk_id":"c6hkxc6kahwm7","chunk_label":"unnamed-chunk-21"},{"row":450,"row_count":1,"visible":true,"expansion_state":0,"options":{"engine":"r","label":"unnamed-chunk-100"},"document_id":"2C032ED1","chunk_id":"c5f8epceyqcw1","chunk_label":"unnamed-chunk-22"},{"row":460,"row_count":1,"visible":true,"expansion_state":0,"options":{"engine":"r","label":"unnamed-chunk-101"},"document_id":"2C032ED1","chunk_id":"c72n57sctidk0","chunk_label":"unnamed-chunk-23"},{"row":474,"row_count":1,"visible":true,"expansion_state":0,"options":{"engine":"r","label":"unnamed-chunk-106"},"document_id":"2C032ED1","chunk_id":"cunsyqlzsyd3f","chunk_label":"unnamed-chunk-24"},{"row":481,"row_count":1,"visible":true,"expansion_state":0,"options":{"engine":"r","echo":true,"out.width":"60%","fig.align":"center","fig.cap":"Age du dirigeant des PME","label":"unnamed-chunk-103"},"document_id":"2C032ED1","chunk_id":"cxgp9vqpya6ly","chunk_label":"unnamed-chunk-25"},{"row":502,"row_count":1,"visible":true,"expansion_state":0,"options":{"engine":"r","label":"unnamed-chunk-105"},"document_id":"2C032ED1","chunk_id":"ch72vteydo6o0","chunk_label":"unnamed-chunk-26"}],"doc_write_time":1712370310,"working_dir":null,"default_chunk_options":{"echo":true,"message":false,"warning":false},"chunk_rendered_width":517}