{"chunk_definitions":[{"row":24,"row_count":1,"visible":true,"expansion_state":0,"options":{"engine":"r","label":"setup","include":false},"document_id":"22636770","chunk_id":"csetup_chunk","chunk_label":"setup"},{"row":58,"row_count":1,"visible":true,"expansion_state":0,"options":{"engine":"r","label":"unnamed-chunk-4"},"document_id":"22636770","chunk_id":"cdbwq7ogsqxas","chunk_label":"unnamed-chunk-1"},{"row":89,"row_count":1,"visible":true,"expansion_state":0,"options":{"engine":"r","label":"unnamed-chunk-14"},"document_id":"22636770","chunk_id":"cv62qugjtwa6h","chunk_label":"unnamed-chunk-3"}],"doc_write_time":1712102587,"working_dir":null,"default_chunk_options":{"echo":true,"fig.cap":true}}