"0","#Argument1: nom de la base dans la quelle se trouve la variable à renomer"
"0","#Argument2: ancien nom de la variable entre """""
"0","#Argument3: nouveau nom de la variable"
"0",""
"0","#projet <- questionr::rename.variable(projet, ""q1"", ""region"")"
"0",""
"0","#projet <- questionr::rename.variable(projet, ""q2"", ""departement"")"
"0",""
"0","#projet <- questionr::rename.variable(projet,""q23"",""sexe"")"
"0",""
"0","projet <- projet%>%dplyr::rename("
"0","  region = q1, departement = q2, sexe = q23)"
